user_name|book|rating|title|comment|
John Bender|1|5|This is perfect!|It's definitely one of the best books I've read this year|
John Bender|2|5|This is perfect!|It's definitely one of the best books I've read this year|
John Bender|3|5|This is perfect!|It's definitely one of the best books I've read this year|
John Bender|4|5|This is perfect!|It's definitely one of the best books I've read this year|
John Bender|5|5|This is perfect!|It's definitely one of the best books I've read this year|
John Bender|6|5|This is perfect!|It's definitely one of the best books I've read this year|
John Bender|7|5|This is perfect!|It's definitely one of the best books I've read this year|
John Bender|8|5|This is perfect!|It's definitely one of the best books I've read this year|
John Bender|9|5|This is perfect!|It's definitely one of the best books I've read this year|
John Bender|10|5|This is perfect!|It's definitely one of the best books I've read this year|
John Bender|11|5|This is perfect!|It's definitely one of the best books I've read this year|
John Bender|12|5|This is perfect!|It's definitely one of the best books I've read this year|
John Bender|13|5|This is perfect!|It's definitely one of the best books I've read this year|
John Bender|14|5|This is perfect!|It's definitely one of the best books I've read this year|
John Bender|15|5|This is perfect!|It's definitely one of the best books I've read this year|
John Bender|16|5|This is perfect!|It's definitely one of the best books I've read this year|
John Bender|17|5|This is perfect!|It's definitely one of the best books I've read this year|
John Bender|18|5|This is perfect!|It's definitely one of the best books I've read this year|
John Bender|19|5|This is perfect!|It's definitely one of the best books I've read this year|
John Bender|20|5|This is perfect!|It's definitely one of the best books I've read this year|
John Bender|21|4|I liked it a lot!|It made me feel very emotional, I would recommend it|
John Bender|22|4|I liked it a lot!|It made me feel very emotional, I would recommend it|
John Bender|23|4|I liked it a lot!|It made me feel very emotional, I would recommend it|
John Bender|24|4|I liked it a lot!|It made me feel very emotional, I would recommend it|
John Bender|25|4|I liked it a lot!|It made me feel very emotional, I would recommend it|
John Bender|26|4|I liked it a lot!|It made me feel very emotional, I would recommend it|
John Bender|27|4|I liked it a lot!|It made me feel very emotional, I would recommend it|
John Bender|28|4|I liked it a lot!|It made me feel very emotional, I would recommend it|
John Bender|29|4|I liked it a lot!|It made me feel very emotional, I would recommend it|
John Bender|30|4|I liked it a lot!|It made me feel very emotional, I would recommend it|
John Bender|31|4|I liked it a lot!|It made me feel very emotional, I would recommend it|
John Bender|32|4|I liked it a lot!|It made me feel very emotional, I would recommend it|
John Bender|33|4|I liked it a lot!|It made me feel very emotional, I would recommend it|
John Bender|34|4|I liked it a lot!|It made me feel very emotional, I would recommend it|
John Bender|35|4|I liked it a lot!|It made me feel very emotional, I would recommend it|
John Bender|36|4|I liked it a lot!|It made me feel very emotional, I would recommend it|
John Bender|37|4|I liked it a lot!|It made me feel very emotional, I would recommend it|
John Bender|38|4|I liked it a lot!|It made me feel very emotional, I would recommend it|
John Bender|39|4|I liked it a lot!|It made me feel very emotional, I would recommend it|
John Bender|40|4|I liked it a lot!|It made me feel very emotional, I would recommend it|
John Bender|41|3|Not so bad|I was expecting something different, but i liked it in the end|
John Bender|42|3|Not so bad|I was expecting something different, but i liked it in the end|
John Bender|43|3|Not so bad|I was expecting something different, but i liked it in the end|
John Bender|44|3|Not so bad|I was expecting something different, but i liked it in the end|
John Bender|45|3|Not so bad|I was expecting something different, but i liked it in the end|
John Bender|46|3|Not so bad|I was expecting something different, but i liked it in the end|
John Bender|47|3|Not so bad|I was expecting something different, but i liked it in the end|
John Bender|48|3|Not so bad|I was expecting something different, but i liked it in the end|
John Bender|49|3|Not so bad|I was expecting something different, but i liked it in the end|
John Bender|50|3|Not so bad|I was expecting something different, but i liked it in the end|
John Bender|51|3|Not so bad|I was expecting something different, but i liked it in the end|
John Bender|52|3|Not so bad|I was expecting something different, but i liked it in the end|
John Bender|53|3|Not so bad|I was expecting something different, but i liked it in the end|
John Bender|54|3|Not so bad|I was expecting something different, but i liked it in the end|
John Bender|55|3|Not so bad|I was expecting something different, but i liked it in the end|
John Bender|56|3|Not so bad|I was expecting something different, but i liked it in the end|
John Bender|57|3|Not so bad|I was expecting something different, but i liked it in the end|
John Bender|58|3|Not so bad|I was expecting something different, but i liked it in the end|
John Bender|59|3|Not so bad|I was expecting something different, but i liked it in the end|
John Bender|60|3|Not so bad|I was expecting something different, but i liked it in the end|
John Bender|61|2|I was very disappointed|It didn't repaid my expectations, I really didn't like it|
John Bender|62|2|I was very disappointed|It didn't repaid my expectations, I really didn't like it|
John Bender|63|2|I was very disappointed|It didn't repaid my expectations, I really didn't like it|
John Bender|64|2|I was very disappointed|It didn't repaid my expectations, I really didn't like it|
John Bender|65|2|I was very disappointed|It didn't repaid my expectations, I really didn't like it|
John Bender|66|2|I was very disappointed|It didn't repaid my expectations, I really didn't like it|
John Bender|67|2|I was very disappointed|It didn't repaid my expectations, I really didn't like it|
John Bender|68|2|I was very disappointed|It didn't repaid my expectations, I really didn't like it|
John Bender|69|2|I was very disappointed|It didn't repaid my expectations, I really didn't like it|
John Bender|70|2|I was very disappointed|It didn't repaid my expectations, I really didn't like it|
John Bender|71|2|I was very disappointed|It didn't repaid my expectations, I really didn't like it|
John Bender|72|2|I was very disappointed|It didn't repaid my expectations, I really didn't like it|
John Bender|73|2|I was very disappointed|It didn't repaid my expectations, I really didn't like it|
John Bender|74|2|I was very disappointed|It didn't repaid my expectations, I really didn't like it|
John Bender|75|2|I was very disappointed|It didn't repaid my expectations, I really didn't like it|
John Bender|76|2|I was very disappointed|It didn't repaid my expectations, I really didn't like it|
John Bender|77|2|I was very disappointed|It didn't repaid my expectations, I really didn't like it|
John Bender|78|2|I was very disappointed|It didn't repaid my expectations, I really didn't like it|
John Bender|79|2|I was very disappointed|It didn't repaid my expectations, I really didn't like it|
John Bender|80|2|I was very disappointed|It didn't repaid my expectations, I really didn't like it|
John Bender|81|1|I didn't get the point|I really couldn't grasp the sense of it all, really confusing|
John Bender|82|1|I didn't get the point|I really couldn't grasp the sense of it all, really confusing|
John Bender|83|1|I didn't get the point|I really couldn't grasp the sense of it all, really confusing|
John Bender|84|1|I didn't get the point|I really couldn't grasp the sense of it all, really confusing|
John Bender|85|1|I didn't get the point|I really couldn't grasp the sense of it all, really confusing|
John Bender|86|1|I didn't get the point|I really couldn't grasp the sense of it all, really confusing|
Andrew Clark|1|4|The perfect gift for a friend!|I bought it as a birthday gift and my friend really loved it!|
Andrew Clark|2|4|The perfect gift for a friend!|I bought it as a birthday gift and my friend really loved it!|
Andrew Clark|3|4|The perfect gift for a friend!|I bought it as a birthday gift and my friend really loved it!|
Andrew Clark|4|4|The perfect gift for a friend!|I bought it as a birthday gift and my friend really loved it!|
Andrew Clark|5|4|The perfect gift for a friend!|I bought it as a birthday gift and my friend really loved it!|
Andrew Clark|6|4|The perfect gift for a friend!|I bought it as a birthday gift and my friend really loved it!|
Andrew Clark|7|4|The perfect gift for a friend!|I bought it as a birthday gift and my friend really loved it!|
Andrew Clark|8|4|The perfect gift for a friend!|I bought it as a birthday gift and my friend really loved it!|
Andrew Clark|9|4|The perfect gift for a friend!|I bought it as a birthday gift and my friend really loved it!|
Andrew Clark|10|4|The perfect gift for a friend!|I bought it as a birthday gift and my friend really loved it!|
Andrew Clark|11|4|The perfect gift for a friend!|I bought it as a birthday gift and my friend really loved it!|
Andrew Clark|12|4|The perfect gift for a friend!|I bought it as a birthday gift and my friend really loved it!|
Andrew Clark|13|4|The perfect gift for a friend!|I bought it as a birthday gift and my friend really loved it!|
Andrew Clark|14|4|The perfect gift for a friend!|I bought it as a birthday gift and my friend really loved it!|
Andrew Clark|15|4|The perfect gift for a friend!|I bought it as a birthday gift and my friend really loved it!|
Andrew Clark|16|4|The perfect gift for a friend!|I bought it as a birthday gift and my friend really loved it!|
Andrew Clark|17|4|The perfect gift for a friend!|I bought it as a birthday gift and my friend really loved it!|
Andrew Clark|18|4|The perfect gift for a friend!|I bought it as a birthday gift and my friend really loved it!|
Andrew Clark|19|4|The perfect gift for a friend!|I bought it as a birthday gift and my friend really loved it!|
Andrew Clark|20|4|The perfect gift for a friend!|I bought it as a birthday gift and my friend really loved it!|
Andrew Clark|21|5|I loved every single page|It was really breathtaking, I wish I read it sooner|
Andrew Clark|22|5|I loved every single page|It was really breathtaking, I wish I read it sooner|
Andrew Clark|23|5|I loved every single page|It was really breathtaking, I wish I read it sooner|
Andrew Clark|24|5|I loved every single page|It was really breathtaking, I wish I read it sooner|
Andrew Clark|25|5|I loved every single page|It was really breathtaking, I wish I read it sooner|
Andrew Clark|26|5|I loved every single page|It was really breathtaking, I wish I read it sooner|
Andrew Clark|27|5|I loved every single page|It was really breathtaking, I wish I read it sooner|
Andrew Clark|28|5|I loved every single page|It was really breathtaking, I wish I read it sooner|
Andrew Clark|29|5|I loved every single page|It was really breathtaking, I wish I read it sooner|
Andrew Clark|30|5|I loved every single page|It was really breathtaking, I wish I read it sooner|
Andrew Clark|31|5|I loved every single page|It was really breathtaking, I wish I read it sooner|
Andrew Clark|32|5|I loved every single page|It was really breathtaking, I wish I read it sooner|
Andrew Clark|33|5|I loved every single page|It was really breathtaking, I wish I read it sooner|
Andrew Clark|34|5|I loved every single page|It was really breathtaking, I wish I read it sooner|
Andrew Clark|35|5|I loved every single page|It was really breathtaking, I wish I read it sooner|
Andrew Clark|36|5|I loved every single page|It was really breathtaking, I wish I read it sooner|
Andrew Clark|37|5|I loved every single page|It was really breathtaking, I wish I read it sooner|
Andrew Clark|38|5|I loved every single page|It was really breathtaking, I wish I read it sooner|
Andrew Clark|39|5|I loved every single page|It was really breathtaking, I wish I read it sooner|
Andrew Clark|40|5|I loved every single page|It was really breathtaking, I wish I read it sooner|
Andrew Clark|41|4|It still gives me goosebumps|I read it the first time a few years ago, it's still the same|
Andrew Clark|42|4|It still gives me goosebumps|I read it the first time a few years ago, it's still the same|
Andrew Clark|43|4|It still gives me goosebumps|I read it the first time a few years ago, it's still the same|
Andrew Clark|44|4|It still gives me goosebumps|I read it the first time a few years ago, it's still the same|
Andrew Clark|45|4|It still gives me goosebumps|I read it the first time a few years ago, it's still the same|
Andrew Clark|46|4|It still gives me goosebumps|I read it the first time a few years ago, it's still the same|
Andrew Clark|47|4|It still gives me goosebumps|I read it the first time a few years ago, it's still the same|
Andrew Clark|48|4|It still gives me goosebumps|I read it the first time a few years ago, it's still the same|
Andrew Clark|49|4|It still gives me goosebumps|I read it the first time a few years ago, it's still the same|
Andrew Clark|50|4|It still gives me goosebumps|I read it the first time a few years ago, it's still the same|
Andrew Clark|51|4|It still gives me goosebumps|I read it the first time a few years ago, it's still the same|
Andrew Clark|52|4|It still gives me goosebumps|I read it the first time a few years ago, it's still the same|
Andrew Clark|53|4|It still gives me goosebumps|I read it the first time a few years ago, it's still the same|
Andrew Clark|54|4|It still gives me goosebumps|I read it the first time a few years ago, it's still the same|
Andrew Clark|55|4|It still gives me goosebumps|I read it the first time a few years ago, it's still the same|
Andrew Clark|56|4|It still gives me goosebumps|I read it the first time a few years ago, it's still the same|
Andrew Clark|57|4|It still gives me goosebumps|I read it the first time a few years ago, it's still the same|
Andrew Clark|58|4|It still gives me goosebumps|I read it the first time a few years ago, it's still the same|
Andrew Clark|59|4|It still gives me goosebumps|I read it the first time a few years ago, it's still the same|
Andrew Clark|60|4|It still gives me goosebumps|I read it the first time a few years ago, it's still the same|
Andrew Clark|61|5|A future classic!|I already see future people study it!|
Andrew Clark|62|5|A future classic!|I already see future people study it!|
Andrew Clark|63|5|A future classic!|I already see future people study it!|
Andrew Clark|64|5|A future classic!|I already see future people study it!|
Andrew Clark|65|5|A future classic!|I already see future people study it!|
Andrew Clark|66|5|A future classic!|I already see future people study it!|
Andrew Clark|67|5|A future classic!|I already see future people study it!|
Andrew Clark|68|5|A future classic!|I already see future people study it!|
Andrew Clark|69|5|A future classic!|I already see future people study it!|
Andrew Clark|70|5|A future classic!|I already see future people study it!|
Andrew Clark|71|5|A future classic!|I already see future people study it!|
Andrew Clark|72|5|A future classic!|I already see future people study it!|
Andrew Clark|73|5|A future classic!|I already see future people study it!|
Andrew Clark|74|5|A future classic!|I already see future people study it!|
Andrew Clark|75|5|A future classic!|I already see future people study it!|
Andrew Clark|76|5|A future classic!|I already see future people study it!|
Andrew Clark|77|5|A future classic!|I already see future people study it!|
Andrew Clark|78|5|A future classic!|I already see future people study it!|
Andrew Clark|79|5|A future classic!|I already see future people study it!|
Andrew Clark|80|5|A future classic!|I already see future people study it!|
Andrew Clark|81|5|A future classic!|I already see future people study it!|
Andrew Clark|82|5|A future classic!|I already see future people study it!|
Andrew Clark|83|5|A future classic!|I already see future people study it!|
Andrew Clark|84|5|A future classic!|I already see future people study it!|
Andrew Clark|85|5|A future classic!|I already see future people study it!|
Andrew Clark|86|5|A future classic!|I already see future people study it!|
Brian Johnson|1|5|Just WOW|I really have no words, it's too good|
Brian Johnson|2|5|Just WOW|I really have no words, it's too good|
Brian Johnson|3|5|Just WOW|I really have no words, it's too good|
Brian Johnson|4|5|Just WOW|I really have no words, it's too good|
Brian Johnson|5|5|Just WOW|I really have no words, it's too good|
Brian Johnson|6|5|Just WOW|I really have no words, it's too good|
Brian Johnson|7|5|Just WOW|I really have no words, it's too good|
Brian Johnson|8|5|Just WOW|I really have no words, it's too good|
Brian Johnson|9|5|Just WOW|I really have no words, it's too good|
Brian Johnson|10|5|Just WOW|I really have no words, it's too good|
Brian Johnson|11|5|Just WOW|I really have no words, it's too good|
Brian Johnson|12|5|Just WOW|I really have no words, it's too good|
Brian Johnson|13|5|Just WOW|I really have no words, it's too good|
Brian Johnson|14|5|Just WOW|I really have no words, it's too good|
Brian Johnson|15|5|Just WOW|I really have no words, it's too good|
Brian Johnson|16|5|Just WOW|I really have no words, it's too good|
Brian Johnson|17|5|Just WOW|I really have no words, it's too good|
Brian Johnson|18|5|Just WOW|I really have no words, it's too good|
Brian Johnson|19|5|Just WOW|I really have no words, it's too good|
Brian Johnson|20|5|Just WOW|I really have no words, it's too good|
Brian Johnson|21|5|Just WOW|I really have no words, it's too good|
Brian Johnson|22|5|Just WOW|I really have no words, it's too good|
Brian Johnson|23|5|Just WOW|I really have no words, it's too good|
Brian Johnson|24|5|Just WOW|I really have no words, it's too good|
Brian Johnson|25|5|Just WOW|I really have no words, it's too good|
Brian Johnson|26|5|Just WOW|I really have no words, it's too good|
Brian Johnson|27|5|Just WOW|I really have no words, it's too good|
Brian Johnson|28|5|Just WOW|I really have no words, it's too good|
Brian Johnson|29|5|Just WOW|I really have no words, it's too good|
Brian Johnson|30|5|Just WOW|I really have no words, it's too good|
Brian Johnson|31|5|Just WOW|I really have no words, it's too good|
Brian Johnson|32|5|Just WOW|I really have no words, it's too good|
Brian Johnson|33|5|Just WOW|I really have no words, it's too good|
Brian Johnson|34|5|Just WOW|I really have no words, it's too good|
Brian Johnson|35|5|Just WOW|I really have no words, it's too good|
Brian Johnson|36|5|Just WOW|I really have no words, it's too good|
Brian Johnson|37|5|Just WOW|I really have no words, it's too good|
Brian Johnson|38|5|Just WOW|I really have no words, it's too good|
Brian Johnson|39|5|Just WOW|I really have no words, it's too good|
Brian Johnson|40|5|Just WOW|I really have no words, it's too good|
Brian Johnson|41|4|Incredibly well written|This author really knows how to use words|
Brian Johnson|42|4|Incredibly well written|This author really knows how to use words|
Brian Johnson|43|4|Incredibly well written|This author really knows how to use words|
Brian Johnson|44|4|Incredibly well written|This author really knows how to use words|
Brian Johnson|45|4|Incredibly well written|This author really knows how to use words|
Brian Johnson|46|4|Incredibly well written|This author really knows how to use words|
Brian Johnson|47|4|Incredibly well written|This author really knows how to use words|
Brian Johnson|48|4|Incredibly well written|This author really knows how to use words|
Brian Johnson|49|4|Incredibly well written|This author really knows how to use words|
Brian Johnson|50|4|Incredibly well written|This author really knows how to use words|
Brian Johnson|51|4|Incredibly well written|This author really knows how to use words|
Brian Johnson|52|4|Incredibly well written|This author really knows how to use words|
Brian Johnson|53|4|Incredibly well written|This author really knows how to use words|
Brian Johnson|54|4|Incredibly well written|This author really knows how to use words|
Brian Johnson|55|4|Incredibly well written|This author really knows how to use words|
Brian Johnson|56|4|Incredibly well written|This author really knows how to use words|
Brian Johnson|57|4|Incredibly well written|This author really knows how to use words|
Brian Johnson|58|4|Incredibly well written|This author really knows how to use words|
Brian Johnson|59|4|Incredibly well written|This author really knows how to use words|
Brian Johnson|60|4|Incredibly well written|This author really knows how to use words|
Brian Johnson|61|4|Incredibly well written|This author really knows how to use words|
Brian Johnson|62|4|Incredibly well written|This author really knows how to use words|
Brian Johnson|63|4|Incredibly well written|This author really knows how to use words|
Brian Johnson|64|4|Incredibly well written|This author really knows how to use words|
Brian Johnson|65|4|Incredibly well written|This author really knows how to use words|
Brian Johnson|66|4|Incredibly well written|This author really knows how to use words|
Brian Johnson|67|4|Incredibly well written|This author really knows how to use words|
Brian Johnson|68|4|Incredibly well written|This author really knows how to use words|
Brian Johnson|69|4|Incredibly well written|This author really knows how to use words|
Brian Johnson|70|4|Incredibly well written|This author really knows how to use words|
Brian Johnson|71|4|Incredibly well written|This author really knows how to use words|
Brian Johnson|72|4|Incredibly well written|This author really knows how to use words|
Brian Johnson|73|4|Incredibly well written|This author really knows how to use words|
Brian Johnson|74|4|Incredibly well written|This author really knows how to use words|
Brian Johnson|75|4|Incredibly well written|This author really knows how to use words|
Brian Johnson|76|4|Incredibly well written|This author really knows how to use words|
Brian Johnson|77|4|Incredibly well written|This author really knows how to use words|
Brian Johnson|78|4|Incredibly well written|This author really knows how to use words|
Brian Johnson|79|4|Incredibly well written|This author really knows how to use words|
Brian Johnson|80|4|Incredibly well written|This author really knows how to use words|
Brian Johnson|81|5|I wish it never finishes|I was really upset when I finished it|
Brian Johnson|82|5|I wish it never finishes|I was really upset when I finished it|
Brian Johnson|83|5|I wish it never finishes|I was really upset when I finished it|
Brian Johnson|84|5|I wish it never finishes|I was really upset when I finished it|
Brian Johnson|85|5|I wish it never finishes|I was really upset when I finished it|
Brian Johnson|86|5|I wish it never finishes|I was really upset when I finished it|
Claire Standish|1|5|One of my favourite books ever|It gained a special place in my heart|
Claire Standish|2|5|One of my favourite books ever|It gained a special place in my heart|
Claire Standish|3|5|One of my favourite books ever|It gained a special place in my heart|
Claire Standish|4|5|One of my favourite books ever|It gained a special place in my heart|
Claire Standish|5|5|One of my favourite books ever|It gained a special place in my heart|
Claire Standish|6|5|One of my favourite books ever|It gained a special place in my heart|
Claire Standish|7|5|One of my favourite books ever|It gained a special place in my heart|
Claire Standish|8|5|One of my favourite books ever|It gained a special place in my heart|
Claire Standish|9|5|One of my favourite books ever|It gained a special place in my heart|
Claire Standish|10|5|One of my favourite books ever|It gained a special place in my heart|
Claire Standish|11|5|One of my favourite books ever|It gained a special place in my heart|
Claire Standish|12|5|One of my favourite books ever|It gained a special place in my heart|
Claire Standish|13|5|One of my favourite books ever|It gained a special place in my heart|
Claire Standish|14|5|One of my favourite books ever|It gained a special place in my heart|
Claire Standish|15|5|One of my favourite books ever|It gained a special place in my heart|
Claire Standish|16|5|One of my favourite books ever|It gained a special place in my heart|
Claire Standish|17|5|One of my favourite books ever|It gained a special place in my heart|
Claire Standish|18|5|One of my favourite books ever|It gained a special place in my heart|
Claire Standish|19|5|One of my favourite books ever|It gained a special place in my heart|
Claire Standish|20|5|One of my favourite books ever|It gained a special place in my heart|
Claire Standish|21|5|One of my favourite books ever|It gained a special place in my heart|
Claire Standish|22|5|One of my favourite books ever|It gained a special place in my heart|
Claire Standish|23|5|One of my favourite books ever|It gained a special place in my heart|
Claire Standish|24|5|One of my favourite books ever|It gained a special place in my heart|
Claire Standish|25|5|One of my favourite books ever|It gained a special place in my heart|
Claire Standish|26|5|One of my favourite books ever|It gained a special place in my heart|
Claire Standish|27|5|One of my favourite books ever|It gained a special place in my heart|
Claire Standish|28|5|One of my favourite books ever|It gained a special place in my heart|
Claire Standish|29|5|One of my favourite books ever|It gained a special place in my heart|
Claire Standish|30|5|One of my favourite books ever|It gained a special place in my heart|
Claire Standish|31|3|Wish it was longer|It was too short, but very good|
Claire Standish|32|3|Wish it was longer|It was too short, but very good|
Claire Standish|33|3|Wish it was longer|It was too short, but very good|
Claire Standish|34|3|Wish it was longer|It was too short, but very good|
Claire Standish|35|3|Wish it was longer|It was too short, but very good|
Claire Standish|36|3|Wish it was longer|It was too short, but very good|
Claire Standish|37|3|Wish it was longer|It was too short, but very good|
Claire Standish|38|3|Wish it was longer|It was too short, but very good|
Claire Standish|39|3|Wish it was longer|It was too short, but very good|
Claire Standish|40|3|Wish it was longer|It was too short, but very good|
Claire Standish|41|3|Wish it was longer|It was too short, but very good|
Claire Standish|42|3|Wish it was longer|It was too short, but very good|
Claire Standish|43|3|Wish it was longer|It was too short, but very good|
Claire Standish|44|3|Wish it was longer|It was too short, but very good|
Claire Standish|45|3|Wish it was longer|It was too short, but very good|
Claire Standish|46|3|Wish it was longer|It was too short, but very good|
Claire Standish|47|3|Wish it was longer|It was too short, but very good|
Claire Standish|48|3|Wish it was longer|It was too short, but very good|
Claire Standish|49|3|Wish it was longer|It was too short, but very good|
Claire Standish|50|3|Wish it was longer|It was too short, but very good|
Claire Standish|51|3|Wish it was longer|It was too short, but very good|
Claire Standish|52|3|Wish it was longer|It was too short, but very good|
Claire Standish|53|3|Wish it was longer|It was too short, but very good|
Claire Standish|54|3|Wish it was longer|It was too short, but very good|
Claire Standish|55|3|Wish it was longer|It was too short, but very good|
Claire Standish|56|3|Wish it was longer|It was too short, but very good|
Claire Standish|57|3|Wish it was longer|It was too short, but very good|
Claire Standish|58|3|Wish it was longer|It was too short, but very good|
Claire Standish|59|3|Wish it was longer|It was too short, but very good|
Claire Standish|60|3|Wish it was longer|It was too short, but very good|
Claire Standish|61|3|Wish it was longer|It was too short, but very good|
Claire Standish|62|3|Wish it was longer|It was too short, but very good|
Claire Standish|63|3|Wish it was longer|It was too short, but very good|
Claire Standish|64|3|Wish it was longer|It was too short, but very good|
Claire Standish|65|3|Wish it was longer|It was too short, but very good|
Claire Standish|66|3|Wish it was longer|It was too short, but very good|
Claire Standish|67|3|Wish it was longer|It was too short, but very good|
Claire Standish|68|3|Wish it was longer|It was too short, but very good|
Claire Standish|69|3|Wish it was longer|It was too short, but very good|
Claire Standish|70|3|Wish it was longer|It was too short, but very good|
Claire Standish|71|2|Nothing special|It was really forgettable|
Claire Standish|72|2|Nothing special|It was really forgettable|
Claire Standish|73|2|Nothing special|It was really forgettable|
Claire Standish|74|2|Nothing special|It was really forgettable|
Claire Standish|75|2|Nothing special|It was really forgettable|
Claire Standish|76|2|Nothing special|It was really forgettable|
Claire Standish|77|2|Nothing special|It was really forgettable|
Claire Standish|78|2|Nothing special|It was really forgettable|
Claire Standish|79|2|Nothing special|It was really forgettable|
Claire Standish|80|2|Nothing special|It was really forgettable|
Claire Standish|81|2|Nothing special|It was really forgettable|
Claire Standish|82|2|Nothing special|It was really forgettable|
Claire Standish|83|2|Nothing special|It was really forgettable|
Claire Standish|84|2|Nothing special|It was really forgettable|
Claire Standish|85|2|Nothing special|It was really forgettable|
Claire Standish|86|2|Nothing special|It was really forgettable|
Allison Reynolds|1|1|Didn't enjoy a thing|I really can't find a positive aspect|
Allison Reynolds|2|1|Didn't enjoy a thing|I really can't find a positive aspect|
Allison Reynolds|3|1|Didn't enjoy a thing|I really can't find a positive aspect|
Allison Reynolds|4|1|Didn't enjoy a thing|I really can't find a positive aspect|
Allison Reynolds|5|1|Didn't enjoy a thing|I really can't find a positive aspect|
Allison Reynolds|6|1|Didn't enjoy a thing|I really can't find a positive aspect|
Allison Reynolds|7|1|Didn't enjoy a thing|I really can't find a positive aspect|
Allison Reynolds|8|1|Didn't enjoy a thing|I really can't find a positive aspect|
Allison Reynolds|9|1|Didn't enjoy a thing|I really can't find a positive aspect|
Allison Reynolds|10|1|Didn't enjoy a thing|I really can't find a positive aspect|
Allison Reynolds|11|4|Deserved every award!|I was happy to hear it won many prizes|
Allison Reynolds|12|4|Deserved every award!|I was happy to hear it won many prizes|
Allison Reynolds|13|4|Deserved every award!|I was happy to hear it won many prizes|
Allison Reynolds|14|4|Deserved every award!|I was happy to hear it won many prizes|
Allison Reynolds|15|4|Deserved every award!|I was happy to hear it won many prizes|
Allison Reynolds|16|4|Deserved every award!|I was happy to hear it won many prizes|
Allison Reynolds|17|4|Deserved every award!|I was happy to hear it won many prizes|
Allison Reynolds|18|4|Deserved every award!|I was happy to hear it won many prizes|
Allison Reynolds|19|4|Deserved every award!|I was happy to hear it won many prizes|
Allison Reynolds|20|4|Deserved every award!|I was happy to hear it won many prizes|
Allison Reynolds|21|4|Deserved every award!|I was happy to hear it won many prizes|
Allison Reynolds|22|4|Deserved every award!|I was happy to hear it won many prizes|
Allison Reynolds|23|4|Deserved every award!|I was happy to hear it won many prizes|
Allison Reynolds|24|4|Deserved every award!|I was happy to hear it won many prizes|
Allison Reynolds|25|4|Deserved every award!|I was happy to hear it won many prizes|
Allison Reynolds|26|4|Deserved every award!|I was happy to hear it won many prizes|
Allison Reynolds|27|4|Deserved every award!|I was happy to hear it won many prizes|
Allison Reynolds|28|4|Deserved every award!|I was happy to hear it won many prizes|
Allison Reynolds|29|4|Deserved every award!|I was happy to hear it won many prizes|
Allison Reynolds|30|4|Deserved every award!|I was happy to hear it won many prizes|
Allison Reynolds|31|4|Deserved every award!|I was happy to hear it won many prizes|
Allison Reynolds|32|4|Deserved every award!|I was happy to hear it won many prizes|
Allison Reynolds|33|4|Deserved every award!|I was happy to hear it won many prizes|
Allison Reynolds|34|4|Deserved every award!|I was happy to hear it won many prizes|
Allison Reynolds|35|4|Deserved every award!|I was happy to hear it won many prizes|
Allison Reynolds|36|4|Deserved every award!|I was happy to hear it won many prizes|
Allison Reynolds|37|4|Deserved every award!|I was happy to hear it won many prizes|
Allison Reynolds|38|4|Deserved every award!|I was happy to hear it won many prizes|
Allison Reynolds|39|4|Deserved every award!|I was happy to hear it won many prizes|
Allison Reynolds|40|4|Deserved every award!|I was happy to hear it won many prizes|
Allison Reynolds|41|3|Expecting something more|Wasn't quite what I expected|
Allison Reynolds|42|3|Expecting something more|Wasn't quite what I expected|
Allison Reynolds|43|3|Expecting something more|Wasn't quite what I expected|
Allison Reynolds|44|3|Expecting something more|Wasn't quite what I expected|
Allison Reynolds|45|3|Expecting something more|Wasn't quite what I expected|
Allison Reynolds|46|3|Expecting something more|Wasn't quite what I expected|
Allison Reynolds|47|3|Expecting something more|Wasn't quite what I expected|
Allison Reynolds|48|3|Expecting something more|Wasn't quite what I expected|
Allison Reynolds|49|3|Expecting something more|Wasn't quite what I expected|
Allison Reynolds|50|3|Expecting something more|Wasn't quite what I expected|
Allison Reynolds|51|3|Expecting something more|Wasn't quite what I expected|
Allison Reynolds|52|3|Expecting something more|Wasn't quite what I expected|
Allison Reynolds|53|3|Expecting something more|Wasn't quite what I expected|
Allison Reynolds|54|3|Expecting something more|Wasn't quite what I expected|
Allison Reynolds|55|3|Expecting something more|Wasn't quite what I expected|
Allison Reynolds|56|3|Expecting something more|Wasn't quite what I expected|
Allison Reynolds|57|3|Expecting something more|Wasn't quite what I expected|
Allison Reynolds|58|3|Expecting something more|Wasn't quite what I expected|
Allison Reynolds|59|3|Expecting something more|Wasn't quite what I expected|
Allison Reynolds|60|3|Expecting something more|Wasn't quite what I expected|
Allison Reynolds|61|3|Expecting something more|Wasn't quite what I expected|
Allison Reynolds|62|3|Expecting something more|Wasn't quite what I expected|
Allison Reynolds|63|3|Expecting something more|Wasn't quite what I expected|
Allison Reynolds|64|3|Expecting something more|Wasn't quite what I expected|
Allison Reynolds|65|3|Expecting something more|Wasn't quite what I expected|
Allison Reynolds|66|3|Expecting something more|Wasn't quite what I expected|
Allison Reynolds|67|3|Expecting something more|Wasn't quite what I expected|
Allison Reynolds|68|3|Expecting something more|Wasn't quite what I expected|
Allison Reynolds|69|3|Expecting something more|Wasn't quite what I expected|
Allison Reynolds|70|3|Expecting something more|Wasn't quite what I expected|
Allison Reynolds|71|4|Waiting for a sequel!|Can't wait to read more about it!|
Allison Reynolds|72|4|Waiting for a sequel!|Can't wait to read more about it!|
Allison Reynolds|73|4|Waiting for a sequel!|Can't wait to read more about it!|
Allison Reynolds|74|4|Waiting for a sequel!|Can't wait to read more about it!|
Allison Reynolds|75|4|Waiting for a sequel!|Can't wait to read more about it!|
Allison Reynolds|76|4|Waiting for a sequel!|Can't wait to read more about it!|
Allison Reynolds|77|4|Waiting for a sequel!|Can't wait to read more about it!|
Allison Reynolds|78|4|Waiting for a sequel!|Can't wait to read more about it!|
Allison Reynolds|79|4|Waiting for a sequel!|Can't wait to read more about it!|
Allison Reynolds|80|4|Waiting for a sequel!|Can't wait to read more about it!|
Allison Reynolds|81|4|Waiting for a sequel!|Can't wait to read more about it!|
Allison Reynolds|82|4|Waiting for a sequel!|Can't wait to read more about it!|
Allison Reynolds|83|4|Waiting for a sequel!|Can't wait to read more about it!|
Allison Reynolds|84|4|Waiting for a sequel!|Can't wait to read more about it!|
Allison Reynolds|85|4|Waiting for a sequel!|Can't wait to read more about it!|
Allison Reynolds|86|4|Waiting for a sequel!|Can't wait to read more about it!|
Richard Vernon|1|5|Talented writer!|The words are used beautifuly|
Richard Vernon|2|5|Talented writer!|The words are used beautifuly|
Richard Vernon|3|5|Talented writer!|The words are used beautifuly|
Richard Vernon|4|5|Talented writer!|The words are used beautifuly|
Richard Vernon|5|5|Talented writer!|The words are used beautifuly|
Richard Vernon|6|5|Talented writer!|The words are used beautifuly|
Richard Vernon|7|5|Talented writer!|The words are used beautifuly|
Richard Vernon|8|5|Talented writer!|The words are used beautifuly|
Richard Vernon|9|5|Talented writer!|The words are used beautifuly|
Richard Vernon|10|5|Talented writer!|The words are used beautifuly|
Richard Vernon|11|5|Talented writer!|The words are used beautifuly|
Richard Vernon|12|5|Talented writer!|The words are used beautifuly|
Richard Vernon|13|5|Talented writer!|The words are used beautifuly|
Richard Vernon|14|5|Talented writer!|The words are used beautifuly|
Richard Vernon|15|5|Talented writer!|The words are used beautifuly|
Richard Vernon|16|5|Talented writer!|The words are used beautifuly|
Richard Vernon|17|5|Talented writer!|The words are used beautifuly|
Richard Vernon|18|5|Talented writer!|The words are used beautifuly|
Richard Vernon|19|5|Talented writer!|The words are used beautifuly|
Richard Vernon|20|5|Talented writer!|The words are used beautifuly|
Richard Vernon|21|5|Want to read it again!|I've just finished, but I want to read it again now!|
Richard Vernon|22|5|Want to read it again!|I've just finished, but I want to read it again now!|
Richard Vernon|23|5|Want to read it again!|I've just finished, but I want to read it again now!|
Richard Vernon|24|5|Want to read it again!|I've just finished, but I want to read it again now!|
Richard Vernon|25|5|Want to read it again!|I've just finished, but I want to read it again now!|
Richard Vernon|26|5|Want to read it again!|I've just finished, but I want to read it again now!|
Richard Vernon|27|5|Want to read it again!|I've just finished, but I want to read it again now!|
Richard Vernon|28|5|Want to read it again!|I've just finished, but I want to read it again now!|
Richard Vernon|29|5|Want to read it again!|I've just finished, but I want to read it again now!|
Richard Vernon|30|5|Want to read it again!|I've just finished, but I want to read it again now!|
Richard Vernon|31|5|Want to read it again!|I've just finished, but I want to read it again now!|
Richard Vernon|32|5|Want to read it again!|I've just finished, but I want to read it again now!|
Richard Vernon|33|5|Want to read it again!|I've just finished, but I want to read it again now!|
Richard Vernon|34|5|Want to read it again!|I've just finished, but I want to read it again now!|
Richard Vernon|35|5|Want to read it again!|I've just finished, but I want to read it again now!|
Richard Vernon|36|5|Want to read it again!|I've just finished, but I want to read it again now!|
Richard Vernon|37|5|Want to read it again!|I've just finished, but I want to read it again now!|
Richard Vernon|38|5|Want to read it again!|I've just finished, but I want to read it again now!|
Richard Vernon|39|5|Want to read it again!|I've just finished, but I want to read it again now!|
Richard Vernon|40|5|Want to read it again!|I've just finished, but I want to read it again now!|
Richard Vernon|41|5|Want to read it again!|I've just finished, but I want to read it again now!|
Richard Vernon|42|5|Want to read it again!|I've just finished, but I want to read it again now!|
Richard Vernon|43|5|Want to read it again!|I've just finished, but I want to read it again now!|
Richard Vernon|44|5|Want to read it again!|I've just finished, but I want to read it again now!|
Richard Vernon|45|5|Want to read it again!|I've just finished, but I want to read it again now!|
Richard Vernon|46|5|Want to read it again!|I've just finished, but I want to read it again now!|
Richard Vernon|47|5|Want to read it again!|I've just finished, but I want to read it again now!|
Richard Vernon|48|5|Want to read it again!|I've just finished, but I want to read it again now!|
Richard Vernon|49|5|Want to read it again!|I've just finished, but I want to read it again now!|
Richard Vernon|50|5|Want to read it again!|I've just finished, but I want to read it again now!|
Richard Vernon|51|1|What a disaster|I really don't know where to start|
Richard Vernon|52|1|What a disaster|I really don't know where to start|
Richard Vernon|53|1|What a disaster|I really don't know where to start|
Richard Vernon|54|1|What a disaster|I really don't know where to start|
Richard Vernon|55|1|What a disaster|I really don't know where to start|
Richard Vernon|56|1|What a disaster|I really don't know where to start|
Richard Vernon|57|1|What a disaster|I really don't know where to start|
Richard Vernon|58|1|What a disaster|I really don't know where to start|
Richard Vernon|59|1|What a disaster|I really don't know where to start|
Richard Vernon|60|1|What a disaster|I really don't know where to start|
Richard Vernon|61|4|My wife loved it|Both me and her really enjoyed this book|
Richard Vernon|62|4|My wife loved it|Both me and her really enjoyed this book|
Richard Vernon|63|4|My wife loved it|Both me and her really enjoyed this book|
Richard Vernon|64|4|My wife loved it|Both me and her really enjoyed this book|
Richard Vernon|65|4|My wife loved it|Both me and her really enjoyed this book|
Richard Vernon|66|4|My wife loved it|Both me and her really enjoyed this book|
Richard Vernon|67|4|My wife loved it|Both me and her really enjoyed this book|
Richard Vernon|68|4|My wife loved it|Both me and her really enjoyed this book|
Richard Vernon|69|4|My wife loved it|Both me and her really enjoyed this book|
Richard Vernon|70|4|My wife loved it|Both me and her really enjoyed this book|
Richard Vernon|71|4|My wife loved it|Both me and her really enjoyed this book|
Richard Vernon|72|4|My wife loved it|Both me and her really enjoyed this book|
Richard Vernon|73|4|My wife loved it|Both me and her really enjoyed this book|
Richard Vernon|74|4|My wife loved it|Both me and her really enjoyed this book|
Richard Vernon|75|4|My wife loved it|Both me and her really enjoyed this book|
Richard Vernon|76|4|My wife loved it|Both me and her really enjoyed this book|
Richard Vernon|77|4|My wife loved it|Both me and her really enjoyed this book|
Richard Vernon|78|4|My wife loved it|Both me and her really enjoyed this book|
Richard Vernon|79|4|My wife loved it|Both me and her really enjoyed this book|
Richard Vernon|80|4|My wife loved it|Both me and her really enjoyed this book|
Richard Vernon|81|5|Loved it!|I just adored every page|
Richard Vernon|82|5|Loved it!|I just adored every page|
Richard Vernon|83|5|Loved it!|I just adored every page|
Richard Vernon|84|5|Loved it!|I just adored every page|
Richard Vernon|85|5|Loved it!|I just adored every page|
Richard Vernon|86|5|Loved it!|I just adored every page|
